user_input,output,timestamp
what is a framework?,"A **framework** is a basic structure or set of guidelines that provides support for developing something more complex. In technology and software, a **framework** typically refers to a collection of tools, libraries, and conventions that help developers build applications more efficiently.

**Key points about a framework:**
- It provides reusable code and components.
- It sets rules or a structure to follow, reducing the need to write everything from scratch.
- It often defines how different parts of the application should interact.
- Examples in software: **Django** (for Python web development), **React** (for building user interfaces), **Angular** (web apps), **Spring** (Java apps).

**General meaning:** Outside of tech, a framework can also mean any set of ideas or rules that guide how something is done (e.g., a business framework for decision making).

**In summary:**  
A framework gives you the foundation and tools, so you can focus on building the unique parts of your project.",2025-06-11 14:05:30.310233
